-- phpMyAdmin SQL Dump
-- version 5.1.1
-- https://www.phpmyadmin.net/
--
-- Host: 127.0.0.1
-- Generation Time: Feb 19, 2022 at 07:56 AM
-- Server version: 10.4.22-MariaDB
-- PHP Version: 8.0.14

SET SQL_MODE = "NO_AUTO_VALUE_ON_ZERO";
START TRANSACTION;
SET time_zone = "+00:00";


/*!40101 SET @OLD_CHARACTER_SET_CLIENT=@@CHARACTER_SET_CLIENT */;
/*!40101 SET @OLD_CHARACTER_SET_RESULTS=@@CHARACTER_SET_RESULTS */;
/*!40101 SET @OLD_COLLATION_CONNECTION=@@COLLATION_CONNECTION */;
/*!40101 SET NAMES utf8mb4 */;

--
-- Database: `db_pcs`
--
CREATE DATABASE IF NOT EXISTS `db_pcs` DEFAULT CHARACTER SET utf8mb4 COLLATE utf8mb4_general_ci;
USE `db_pcs`;

-- --------------------------------------------------------

--
-- Table structure for table `admin`
--

CREATE TABLE `admin` (
  `id` int(11) NOT NULL,
  `email` varchar(50) NOT NULL,
  `password` varchar(100) NOT NULL,
  `nama` varchar(100) NOT NULL
) ENGINE=InnoDB DEFAULT CHARSET=utf8mb4;

--
-- Dumping data for table `admin`
--

INSERT INTO `admin` (`id`, `email`, `password`, `nama`) VALUES
(1, 'stevi@gmail.com', '3210ddbeaa16948a702b6049b8d9a202', 'Stevi Saputro');

-- --------------------------------------------------------

--
-- Table structure for table `item_transaksi`
--

CREATE TABLE `item_transaksi` (
  `id` int(11) NOT NULL,
  `transaksi_id` int(11) NOT NULL,
  `produk_id` int(11) NOT NULL,
  `qty` int(11) NOT NULL,
  `harga_saat_transaksi` int(11) NOT NULL,
  `sub_total` int(11) NOT NULL
) ENGINE=InnoDB DEFAULT CHARSET=utf8mb4;

--
-- Dumping data for table `item_transaksi`
--

INSERT INTO `item_transaksi` (`id`, `transaksi_id`, `produk_id`, `qty`, `harga_saat_transaksi`, `sub_total`) VALUES
(1, 1, 1, 2, 10000, 20000),
(2, 1, 2, 3, 5000, 15000),
(3, 1, 3, 5, 30000, 150000),
(4, 1, 4, 1, 40000, 40000),
(5, 2, 1, 2, 10000, 20000),
(6, 2, 2, 3, 5000, 15000),
(7, 3, 3, 5, 30000, 150000),
(8, 4, 5, 8, 1000000, 8000000),
(9, 4, 1, 1, 10000, 10000),
(10, 4, 2, 1, 5000, 5000);

-- --------------------------------------------------------

--
-- Table structure for table `produk`
--

CREATE TABLE `produk` (
  `id` int(11) NOT NULL,
  `admin_id` int(11) NOT NULL,
  `nama` varchar(50) NOT NULL,
  `harga` int(11) NOT NULL,
  `stok` int(11) NOT NULL
) ENGINE=InnoDB DEFAULT CHARSET=utf8mb4;

--
-- Dumping data for table `produk`
--

INSERT INTO `produk` (`id`, `admin_id`, `nama`, `harga`, `stok`) VALUES
(1, 1, 'Produk Satu', 10000, 47),
(2, 1, 'Produk Dua', 5000, 79),
(3, 1, 'Produk Tiga', 30000, 0),
(4, 1, 'Produk Empat', 40000, 39),
(5, 1, 'Motherboard', 1000000, 0);

-- --------------------------------------------------------

--
-- Table structure for table `transaksi`
--

CREATE TABLE `transaksi` (
  `id` int(11) NOT NULL,
  `admin_id` int(11) NOT NULL,
  `tanggal` datetime NOT NULL,
  `total` int(11) NOT NULL
) ENGINE=InnoDB DEFAULT CHARSET=utf8mb4;

--
-- Dumping data for table `transaksi`
--

INSERT INTO `transaksi` (`id`, `admin_id`, `tanggal`, `total`) VALUES
(1, 1, '2022-01-21 19:21:48', 225000),
(2, 1, '2022-01-21 19:26:06', 35000),
(3, 1, '2022-01-22 09:22:44', 150000),
(4, 1, '2022-01-27 19:41:13', 8015000);

--
-- Indexes for dumped tables
--

--
-- Indexes for table `admin`
--
ALTER TABLE `admin`
  ADD PRIMARY KEY (`id`);

--
-- Indexes for table `item_transaksi`
--
ALTER TABLE `item_transaksi`
  ADD PRIMARY KEY (`id`),
  ADD KEY `fk_item_transaksi_produk_id` (`produk_id`),
  ADD KEY `fk_transaksi_id` (`transaksi_id`);

--
-- Indexes for table `produk`
--
ALTER TABLE `produk`
  ADD PRIMARY KEY (`id`),
  ADD KEY `fk_admin_id` (`admin_id`);

--
-- Indexes for table `transaksi`
--
ALTER TABLE `transaksi`
  ADD PRIMARY KEY (`id`),
  ADD KEY `fk_transaksi_admin_id` (`admin_id`);

--
-- AUTO_INCREMENT for dumped tables
--

--
-- AUTO_INCREMENT for table `admin`
--
ALTER TABLE `admin`
  MODIFY `id` int(11) NOT NULL AUTO_INCREMENT, AUTO_INCREMENT=2;

--
-- AUTO_INCREMENT for table `item_transaksi`
--
ALTER TABLE `item_transaksi`
  MODIFY `id` int(11) NOT NULL AUTO_INCREMENT, AUTO_INCREMENT=11;

--
-- AUTO_INCREMENT for table `produk`
--
ALTER TABLE `produk`
  MODIFY `id` int(11) NOT NULL AUTO_INCREMENT, AUTO_INCREMENT=6;

--
-- AUTO_INCREMENT for table `transaksi`
--
ALTER TABLE `transaksi`
  MODIFY `id` int(11) NOT NULL AUTO_INCREMENT, AUTO_INCREMENT=5;

--
-- Constraints for dumped tables
--

--
-- Constraints for table `item_transaksi`
--
ALTER TABLE `item_transaksi`
  ADD CONSTRAINT `fk_item_transaksi_produk_id` FOREIGN KEY (`produk_id`) REFERENCES `produk` (`id`),
  ADD CONSTRAINT `fk_transaksi_id` FOREIGN KEY (`transaksi_id`) REFERENCES `transaksi` (`id`);

--
-- Constraints for table `produk`
--
ALTER TABLE `produk`
  ADD CONSTRAINT `fk_admin_id` FOREIGN KEY (`admin_id`) REFERENCES `admin` (`id`);

--
-- Constraints for table `transaksi`
--
ALTER TABLE `transaksi`
  ADD CONSTRAINT `fk_transaksi_admin_id` FOREIGN KEY (`admin_id`) REFERENCES `admin` (`id`);
COMMIT;

/*!40101 SET CHARACTER_SET_CLIENT=@OLD_CHARACTER_SET_CLIENT */;
/*!40101 SET CHARACTER_SET_RESULTS=@OLD_CHARACTER_SET_RESULTS */;
/*!40101 SET COLLATION_CONNECTION=@OLD_COLLATION_CONNECTION */;
